<?xml version="1.0"?>
<!--<!DOCTYPE metadata SYSTEM "http://www.esri.com/metadata/esriprof80.dtd">-->
<metadata xml:lang="en"><Esri><CreaDate>20041102</CreaDate><CreaTime>16115200</CreaTime><SyncOnce>FALSE</SyncOnce><RematchLocator>sjmelly.mamainld<Category Locator="Review">Address</Category><Description Locator="Review">US Streets with Zone (File-based)</Description><RD.Val.Table1 Locator="Review">mamainld</RD.Val.Table1><FieldNames.1 Locator="Review">Zip</FieldNames.1><FieldNames.1 Locator="Review">Zipcode</FieldNames.1><FieldNames.1 Locator="Review">City</FieldNames.1><FieldNames.1 Locator="Review">Zone</FieldNames.1><RD.ILQuery.ConditionalWhere Locator="Review">ZN, " &amp; I3 = \"%ZN%\"?"</RD.ILQuery.ConditionalWhere><RD.Table Locator="Review">Table1,"Primary table"</RD.Table><RD.Val.Table1.PreDir Locator="Review">FEDIRP</RD.Val.Table1.PreDir><CLSID Locator="Review">{B5D3AB87-EED1-11D3-9F76-00C04F8ED1C4}</CLSID><RD.Table1.Column Locator="Review">LeftFrom,"House From Left",N,TRUE</RD.Table1.Column><RD.Table1.Column Locator="Review">LeftTo,"House To Left",N,TRUE</RD.Table1.Column><RD.Table1.Column Locator="Review">RightFrom,"House From Right",N,TRUE</RD.Table1.Column><RD.Table1.Column Locator="Review">RightTo,"House To Right",N,TRUE</RD.Table1.Column><RD.Table1.Column Locator="Review">PreDir,"Prefix Direction",N,FALSE</RD.Table1.Column><RD.Table1.Column Locator="Review">PreType,"Prefix Type",N,FALSE</RD.Table1.Column><RD.Table1.Column Locator="Review">StreetName,"Street Name",N,TRUE</RD.Table1.Column><RD.Table1.Column Locator="Review">StreetType,"Street Type",N,FALSE</RD.Table1.Column><RD.Table1.Column Locator="Review">SufDir,"Suffix Direction",N,FALSE</RD.Table1.Column><RD.Table1.Column Locator="Review">LeftZone,"Left Zone",N,TRUE</RD.Table1.Column><RD.Table1.Column Locator="Review">RightZone,"Right Zone",N,TRUE</RD.Table1.Column><RD.Table1.Column Locator="Review">ID,"Record ID for the Primary table",N,TRUE</RD.Table1.Column><RD.Table1.Column Locator="Review">Shape,"Shape column",N,TRUE</RD.Table1.Column><Interpolate Locator="Review">TRUE</Interpolate><RD.Val.Table1.Shape Locator="Review">Shape</RD.Val.Table1.Shape><IntFileSTN Locator="Review">us_intsc.stn</IntFileSTN><RD.Val.Table1.LeftFrom Locator="Review">FRADDL</RD.Val.Table1.LeftFrom><RD.Val.Table1.RightTo Locator="Review">TOADDR</RD.Val.Table1.RightTo><MinimumCandidateScore Locator="Review">10</MinimumCandidateScore><RD.Query1.FallbackWhere Locator="Review">SN, "I1 = \"%SN%\"?"</RD.Query1.FallbackWhere><RD.ILQuery.Where Locator="Review">I1 = "%S1%"?</RD.ILQuery.Where><RD.Func Locator="Review">HouseRange,LocationQueryEngine,CalcHNInRange,""</RD.Func><RD.Func Locator="Review">RoundHN,LocationQueryEngine,RoundHN,""</RD.Func><SideOffsetUnits Locator="Review">Meters</SideOffsetUnits><RD.IRQuery.MF Locator="Review">PreDir2,Table1.PreDir</RD.IRQuery.MF><RD.IRQuery.MF Locator="Review">PreType2,Table1.PreType</RD.IRQuery.MF><RD.IRQuery.MF Locator="Review">StreetName2,Table1.StreetName</RD.IRQuery.MF><RD.IRQuery.MF Locator="Review">Type2,Table1.StreetType</RD.IRQuery.MF><RD.IRQuery.MF Locator="Review">SufDir2,Table1.SufDir</RD.IRQuery.MF><RD.IRQuery.MF Locator="Review">LeftZone2,Table1.LeftZone</RD.IRQuery.MF><RD.IRQuery.MF Locator="Review">RightZone2,Table1.RightZone</RD.IRQuery.MF><RD.IRQuery.MF Locator="Review">Shape,Table1.Shape</RD.IRQuery.MF><RD.IRQuery.MF Locator="Review">ID,Table1.ID</RD.IRQuery.MF><RD.Table1.Filter Locator="Review">esriCore.GxFilterShapefiles</RD.Table1.Filter><RD.Table1.Filter Locator="Review">esriCore.GxFilterCoverageFeatureClasses</RD.Table1.Filter><RD.Table1.Filter Locator="Review">esriCore.GxFilterCADFeatureClasses</RD.Table1.Filter><UICLSID Locator="Review">{AE5A3A0E-F756-11D2-9F4F-00C04F8ED1C4}</UICLSID><SpellingSensitivity Locator="Review">80</SpellingSensitivity><IntFileMAT Locator="Review">us_intsc1.mat</IntFileMAT><Locator.Library Locator="Review">mtchloc</Locator.Library><RD.Val.Table1.LeftTo Locator="Review">TOADDL</RD.Val.Table1.LeftTo><MinimumMatchScore Locator="Review">60</MinimumMatchScore><Locator.CLSID Locator="Review">{D9052385-AB46-11d2-AADA-00C04FA379E3}</Locator.CLSID><MKeyAlias.SN Locator="Review">StreetName</MKeyAlias.SN><RD.ILQuery.MF Locator="Review">PreDir1,Table1.PreDir</RD.ILQuery.MF><RD.ILQuery.MF Locator="Review">PreType1,Table1.PreType</RD.ILQuery.MF><RD.ILQuery.MF Locator="Review">StreetName1,Table1.StreetName</RD.ILQuery.MF><RD.ILQuery.MF Locator="Review">Type1,Table1.StreetType</RD.ILQuery.MF><RD.ILQuery.MF Locator="Review">SufDir1,Table1.SufDir</RD.ILQuery.MF><RD.ILQuery.MF Locator="Review">LeftZone1,Table1.LeftZone</RD.ILQuery.MF><RD.ILQuery.MF Locator="Review">RightZone1,Table1.RightZone</RD.ILQuery.MF><RD.ILQuery.MF Locator="Review">Shape,Table1.Shape</RD.ILQuery.MF><RD.ILQuery.MF Locator="Review">ID,Table1.ID</RD.ILQuery.MF><RD.Val.Table1.LeftZone Locator="Review">ZIPL</RD.Val.Table1.LeftZone><Fields Locator="Review">Street</Fields><Fields Locator="Review">Zone</Fields><RD.IndexFileName Locator="Review">mamainld.shp.aig</RD.IndexFileName><WriteXYCoordFields Locator="Review">False</WriteXYCoordFields><RD.Val.Table1.StreetType Locator="Review">FETYPE</RD.Val.Table1.StreetType><EndOffset Locator="Review">3</EndOffset><Fallback Locator="Review">FALSE</Fallback><IntersectionConnectors Locator="Review">&amp; | @</IntersectionConnectors><MKeyAlias.E1 Locator="Review">PreType1</MKeyAlias.E1><RD.RightIntsecQuery Locator="Review">IRQuery,"Right Intersection Query"</RD.RightIntsecQuery><WritePercentAlongField Locator="Review">False</WritePercentAlongField><FieldAliases Locator="Review">Street or Intersection</FieldAliases><FieldAliases Locator="Review">Zone</FieldAliases><MKeyAlias.D1 Locator="Review">SufDir1</MKeyAlias.D1><MKeyAlias.E2 Locator="Review">PreType2</MKeyAlias.E2><Query.CLSID Locator="Review">{1845B140-FC3B-11d2-AAFA-00C04FA379E3}</Query.CLSID><RD.Val.Table1.RightFrom Locator="Review">FRADDR</RD.Val.Table1.RightFrom><FieldSizes Locator="Review">60</FieldSizes><FieldSizes Locator="Review">20</FieldSizes><RD.Val.Table1.StreetName Locator="Review">FENAME</RD.Val.Table1.StreetName><MKeyAlias.D2 Locator="Review">SufDir2</MKeyAlias.D2><MKeyAlias.T1 Locator="Review">SufType1</MKeyAlias.T1><RD.Query1.ConditionalWhere Locator="Review">ZN, " &amp; I3 = \"%ZN%\"?"</RD.Query1.ConditionalWhere><RD.Query1.ConditionalWhere Locator="Review">HN,0, " &amp; I2 = @RoundHN(%HN%)"</RD.Query1.ConditionalWhere><FileSTN Locator="Review">us_addr.stn</FileSTN><RD.Val.Table1.PreType Locator="Review">::</RD.Val.Table1.PreType><RD.IdxFile1.Index Locator="Review">I1, "Street Name Index", Soundex2, "$$Table1.StreetName"</RD.IdxFile1.Index><RD.IdxFile1.Index Locator="Review">I2, "House Range Index", Normal,   "@HouseRange($$Table1.LeftFrom,$$Table1.LeftTo,$$Table1.RightFrom,$$Table1.RightTo)"</RD.IdxFile1.Index><RD.IdxFile1.Index Locator="Review">I3, "Zone Index",        Soundex2, "$$Table1.LeftZone,$$Table1.RightZone"</RD.IdxFile1.Index><UseRelativePaths Locator="Review">False</UseRelativePaths><WriteStandardizedAddressField Locator="Review">False</WriteStandardizedAddressField><MKeyField Locator="Review">XX</MKeyField><MKeyField Locator="Review">ZN</MKeyField><MKeyAlias.S1 Locator="Review">StreetName1</MKeyAlias.S1><MKeyAlias.T2 Locator="Review">SufType2</MKeyAlias.T2><Locator.FactoryLibrary Locator="Review">LocationQueryEngine</Locator.FactoryLibrary><RD.Query Locator="Review">Query1,"Main query"</RD.Query><Version Locator="Review">8.1 SP1</Version><MKeyAlias.S2 Locator="Review">StreetName2</MKeyAlias.S2><MKeyAlias.ST Locator="Review">SufType</MKeyAlias.ST><FileMAT Locator="Review">us_addr1.mat</FileMAT><RD.LeftIntsecQuery Locator="Review">ILQuery,"Left Intersection Query"</RD.LeftIntsecQuery><MKeyAlias.SD Locator="Review">SufDir</MKeyAlias.SD><Locator.FactoryCLSID Locator="Review">{2E0878A8-0CD0-11d4-AB5D-00C04FA379E3}</Locator.FactoryCLSID><Query.Library Locator="Review">mtchloc</Query.Library><SupportIntersections Locator="Review">TRUE</SupportIntersections><DBEnv.CLSID Locator="Review">{43BA3ECC-0120-11d4-AB58-00C04FA379E3}</DBEnv.CLSID><RD.Val.Table1.RightZone Locator="Review">ZIPR</RD.Val.Table1.RightZone><RD.WorkspaceString Locator="Review">ProgID = esriCore.ShapefileWorkspaceFactory.1; Path = C:\GISData\Census\Roads</RD.WorkspaceString><MKeyAlias.P1 Locator="Review">PreDir1</MKeyAlias.P1><WriteReferenceIDField Locator="Review">False</WriteReferenceIDField><RD.IdxFile1.CLSID Locator="Review">{F48F9A46-F624-11d3-AB54-00C04FA379E3}</RD.IdxFile1.CLSID><MatchIfScoresTie Locator="Review">True</MatchIfScoresTie><DBEnv.Library Locator="Review">LocationQueryEngine</DBEnv.Library><MKeyAlias.P2 Locator="Review">PreDir2</MKeyAlias.P2><MKeyAlias.PT Locator="Review">PreType</MKeyAlias.PT><RD.Query1.Where Locator="Review">I1 = "%SN%"?</RD.Query1.Where><RD.Query1.MF Locator="Review">LeftFrom,Table1.LeftFrom</RD.Query1.MF><RD.Query1.MF Locator="Review">LeftTo,Table1.LeftTo</RD.Query1.MF><RD.Query1.MF Locator="Review">RightFrom,Table1.RightFrom</RD.Query1.MF><RD.Query1.MF Locator="Review">RightTo,Table1.RightTo</RD.Query1.MF><RD.Query1.MF Locator="Review">PreDir,Table1.PreDir</RD.Query1.MF><RD.Query1.MF Locator="Review">PreType,Table1.PreType</RD.Query1.MF><RD.Query1.MF Locator="Review">StreetName,Table1.StreetName</RD.Query1.MF><RD.Query1.MF Locator="Review">StreetType,Table1.StreetType</RD.Query1.MF><RD.Query1.MF Locator="Review">SufDir,Table1.SufDir</RD.Query1.MF><RD.Query1.MF Locator="Review">LeftZone,Table1.LeftZone</RD.Query1.MF><RD.Query1.MF Locator="Review">RightZone,Table1.RightZone</RD.Query1.MF><RD.Query1.MF Locator="Review">Shape,Table1.Shape</RD.Query1.MF><RD.Query1.MF Locator="Review">ID,Table1.ID</RD.Query1.MF><RD.IRQuery.ConditionalWhere Locator="Review">ZN, " &amp; I3 = \"%ZN%\"?"</RD.IRQuery.ConditionalWhere><RD.IRQuery.Where Locator="Review">I1 = "%S2%"?</RD.IRQuery.Where><FieldsRequired Locator="Review">TRUE</FieldsRequired><FieldsRequired Locator="Review">FALSE</FieldsRequired><SideOffset Locator="Review">20</SideOffset><MKeyAlias.PD Locator="Review">PreDir</MKeyAlias.PD><MKeyAlias.ZN Locator="Review">Zone</MKeyAlias.ZN><RD.Val.Table1.ID Locator="Review">FID</RD.Val.Table1.ID><FieldNames.0 Locator="Review">Addr</FieldNames.0><FieldNames.0 Locator="Review">Street</FieldNames.0><FieldNames.0 Locator="Review">Address2</FieldNames.0><RD.IndexFile Locator="Review">IdxFile1,${Table1}</RD.IndexFile><RD.Val.Table1.SufDir Locator="Review">FEDIRS</RD.Val.Table1.SufDir><MKeyAlias.HN Locator="Review">HouseNum</MKeyAlias.HN><InTable Locator="Review">::</InTable><InKeyColumns Locator="Review">::</InKeyColumns><InColumns Locator="Review">ARC_Street</InColumns><InColumns Locator="Review">ARC_Zone</InColumns><OutTable Locator="Review">::</OutTable><OutKeyColumns Locator="Review">::</OutKeyColumns><OutColumns Locator="Review">Shape</OutColumns><OutColumns Locator="Review">Status</OutColumns><OutColumns Locator="Review">Score</OutColumns><OutColumns Locator="Review">Side</OutColumns></RematchLocator><SyncDate>20041103</SyncDate><SyncTime>10114800</SyncTime><ModDate>20041103</ModDate><ModTime>10114800</ModTime><MetaID>{5122D953-663A-45F3-94A7-A0FC74036FFF}</MetaID></Esri><idinfo><citation><citeinfo><onlink Sync="TRUE">\\50-1\c\gisdata\census\2000blockgroups\cbg00barncnty.shp</onlink><origin>MassGIS</origin><pubdate>Spring 2003</pubdate><title Sync="TRUE">cbg00barncnty</title><ftname Sync="TRUE">cbg00barncnty</ftname><geoform Sync="TRUE">vector digital data</geoform></citeinfo></citation><native Sync="TRUE">Microsoft Windows XP Version 5.1 (Build 2600) Service Pack 1; ESRI ArcCatalog 9.0.0.535</native><descript><langdata Sync="TRUE">en</langdata><abstract>Clipped 2000 census block groups with population density in persons per sq km for Barnstable County</abstract><purpose>To join census variables to point data</purpose><supplinf>Population density calculated by Steve Melly</supplinf></descript><timeperd><current>ground condition</current><timeinfo><sngdate><caldate>2000</caldate></sngdate></timeinfo></timeperd><status><progress>Complete</progress><update>As needed</update></status><spdom><bounding><westbc Sync="TRUE">-70.687665</westbc><eastbc Sync="TRUE">-69.918601</eastbc><northbc Sync="TRUE">42.086914</northbc><southbc Sync="TRUE">41.507317</southbc></bounding><lboundng><leftbc Sync="TRUE">267812.380639</leftbc><rightbc Sync="TRUE">330846.230639</rightbc><bottombc Sync="TRUE">807550.049694</bottombc><topbc Sync="TRUE">871048.749694</topbc></lboundng></spdom><keywords><theme><themekt>None</themekt><themekey>Census</themekey></theme><place><placekey>Massachusetts</placekey></place></keywords><accconst>Public data, no constraints</accconst><useconst>Public data, no constraints</useconst><natvform Sync="TRUE">Shapefile</natvform><ptcontac><cntinfo><cntaddr><address>Environmental Science &amp; Engineering Program</address><address>Landmark Center, Room 407</address><address>401 Park Drive</address><address>PO Box 15677</address><addrtype>mailing and physical address</addrtype><city>Boston</city><state>MA</state><postal>02215</postal><country>USA</country></cntaddr><cntperp><cntper>Steven Melly</cntper><cntorg>Harvard School of Public Health</cntorg></cntperp><cntpos>Programmer/Analyst</cntpos><cntvoice>617-384-8826</cntvoice><cntemail>sjmelly@hsph.harvard.edu</cntemail></cntinfo></ptcontac><datacred>Harvard School of Public Health</datacred></idinfo><distInfo><distributor><distorTran><onLineSrc><linkage Sync="TRUE">file://\\50-1\c\gisdata\census\2000blockgroups\cbg00barncnty.shp</linkage><protocol Sync="TRUE">Local Area Network</protocol><orDesc Sync="TRUE">002</orDesc></onLineSrc><transSize Sync="TRUE">0.506</transSize></distorTran><distorFormat><formatName Sync="TRUE">Shapefile</formatName></distorFormat></distributor></distInfo><dataqual><lineage><procstep><procdesc>Calculated population density as total persons per dry area in sq km.  </procdesc><date Sync="TRUE">20030707</date><time Sync="TRUE">16034700</time><procsv>ArcGIS 8.3</procsv><procdate>July 7, 2003</procdate></procstep><procstep><procdesc Sync="TRUE">Metadata imported.</procdesc><srcused Sync="TRUE">C:\GISData\Helen\bostnstdyrslt.shp.xml</srcused><date Sync="TRUE">20030707</date><time Sync="TRUE">16464100</time></procstep><procstep><procdesc Sync="TRUE">Dataset copied.</procdesc><srcused Sync="TRUE"></srcused><date Sync="TRUE">20041102</date><time Sync="TRUE">16115200</time></procstep></lineage></dataqual><dataIdInfo><envirDesc Sync="TRUE">Microsoft Windows XP Version 5.1 (Build 2600) Service Pack 1; ESRI ArcCatalog 9.0.0.535</envirDesc><dataLang><languageCode Sync="TRUE" value="en"></languageCode></dataLang><idCitation><resTitle Sync="TRUE">cbg00barncnty</resTitle><presForm><PresFormCd Sync="TRUE" value="005"></PresFormCd></presForm></idCitation><spatRpType><SpatRepTypCd Sync="TRUE" value="001"></SpatRepTypCd></spatRpType><dataExt><geoEle><GeoBndBox esriExtentType="native"><westBL Sync="TRUE">267812.380639</westBL><eastBL Sync="TRUE">330846.230639</eastBL><northBL Sync="TRUE">871048.749694</northBL><southBL Sync="TRUE">807550.049694</southBL><exTypeCode Sync="TRUE">1</exTypeCode></GeoBndBox></geoEle></dataExt><geoBox esriExtentType="decdegrees"><westBL Sync="TRUE">-70.687665</westBL><eastBL Sync="TRUE">-69.918601</eastBL><northBL Sync="TRUE">42.086914</northBL><southBL Sync="TRUE">41.507317</southBL><exTypeCode Sync="TRUE">1</exTypeCode></geoBox></dataIdInfo><metainfo><langmeta Sync="TRUE">en</langmeta><metstdn Sync="TRUE">FGDC Content Standards for Digital Geospatial Metadata</metstdn><metstdv Sync="TRUE">FGDC-STD-001-1998</metstdv><mettc Sync="TRUE">local time</mettc><metc><cntinfo><cntaddr><addrtype>mailing and physical address</addrtype><city>Boston</city><state>MA</state><postal>02215</postal><address>Environmental Science &amp; Engineering Program</address><address>Landmark Center, Room 407</address><address>401 Park Drive</address><address>PO Box 15677</address><country>USA</country></cntaddr><cntvoice>617-384-8826</cntvoice><cntperp><cntper>Steven Melly</cntper><cntorg>Harvard School of Public Health</cntorg></cntperp><cntpos>Programmer/Analyst</cntpos><cntemail>sjmelly@hsph.harvard.edu</cntemail></cntinfo></metc><metd Sync="TRUE">20041103</metd><metextns><onlink Sync="TRUE">http://www.esri.com/metadata/esriprof80.html</onlink><metprof Sync="TRUE">ESRI Metadata Profile</metprof></metextns></metainfo><mdLang><languageCode Sync="TRUE" value="en"></languageCode></mdLang><mdStanName Sync="TRUE">ISO 19115 Geographic Information - Metadata</mdStanName><mdStanVer Sync="TRUE">DIS_ESRI1.0</mdStanVer><mdChar><CharSetCd Sync="TRUE" value="004"></CharSetCd></mdChar><mdHrLv><ScopeCd Sync="TRUE" value="005"></ScopeCd></mdHrLv><mdHrLvName Sync="TRUE">dataset</mdHrLvName><distinfo><resdesc Sync="TRUE">Downloadable Data</resdesc><stdorder><digform><digtinfo><transize Sync="TRUE">0.506</transize><dssize Sync="TRUE">0.506</dssize></digtinfo></digform></stdorder></distinfo><spdoinfo><direct Sync="TRUE">Vector</direct><ptvctinf><esriterm Name="cbg00barncnty"><efeatyp Sync="TRUE">Simple</efeatyp><efeageom Sync="TRUE">Polygon</efeageom><esritopo Sync="TRUE">FALSE</esritopo><efeacnt Sync="TRUE">198</efeacnt><spindex Sync="TRUE">TRUE</spindex><linrefer Sync="TRUE">FALSE</linrefer></esriterm><sdtsterm Name="cbg00barncnty"><sdtstype Sync="TRUE">G-polygon</sdtstype><ptvctcnt Sync="TRUE">198</ptvctcnt></sdtsterm></ptvctinf></spdoinfo><spref><horizsys><cordsysn><geogcsn Sync="TRUE">GCS_North_American_1983</geogcsn><projcsn Sync="TRUE">NAD_1983_StatePlane_Massachusetts_Mainland_FIPS_2001</projcsn></cordsysn><planar><planci><plance Sync="TRUE">coordinate pair</plance><plandu Sync="TRUE">meters</plandu><coordrep><absres Sync="TRUE">0.000128</absres><ordres Sync="TRUE">0.000128</ordres></coordrep></planci><gridsys><gridsysn Sync="TRUE">State Plane Coordinate System 1983</gridsysn><spcs><spcszone Sync="TRUE">2001</spcszone><lambertc><stdparll Sync="TRUE">41.716667</stdparll><stdparll Sync="TRUE">42.683333</stdparll><longcm Sync="TRUE">-71.500000</longcm><latprjo Sync="TRUE">41.000000</latprjo><feast Sync="TRUE">200000.000000</feast><fnorth Sync="TRUE">750000.000000</fnorth></lambertc></spcs></gridsys></planar><geodetic><horizdn Sync="TRUE">North American Datum of 1983</horizdn><ellips Sync="TRUE">Geodetic Reference System 80</ellips><semiaxis Sync="TRUE">6378137.000000</semiaxis><denflat Sync="TRUE">298.257222</denflat></geodetic></horizsys></spref><refSysInfo><RefSystem><refSysID><identCode Sync="TRUE">NAD_1983_StatePlane_Massachusetts_Mainland_FIPS_2001</identCode></refSysID></RefSystem></refSysInfo><spatRepInfo><VectSpatRep><topLvl><TopoLevCd Sync="TRUE" value="001"></TopoLevCd></topLvl><geometObjs Name="cbg00barncnty"><geoObjTyp><GeoObjTypCd Sync="TRUE" value="001"></GeoObjTypCd></geoObjTyp><geoObjCnt Sync="TRUE">198</geoObjCnt></geometObjs></VectSpatRep></spatRepInfo><eainfo><detailed Name="cbg00barncnty"><enttyp><enttypl Sync="TRUE">cbg00barncnty</enttypl><enttypt Sync="TRUE">Feature Class</enttypt><enttypc Sync="TRUE">198</enttypc></enttyp><attr><attrlabl Sync="TRUE">FID</attrlabl><attalias Sync="TRUE">FID</attalias><attrtype Sync="TRUE">OID</attrtype><attwidth Sync="TRUE">4</attwidth><atprecis Sync="TRUE">0</atprecis><attscale Sync="TRUE">0</attscale><attrdef Sync="TRUE">Internal feature number.</attrdef><attrdefs Sync="TRUE">ESRI</attrdefs><attrdomv><udom Sync="TRUE">Sequential unique whole numbers that are automatically generated.</udom></attrdomv></attr><attr><attrlabl Sync="TRUE">Shape</attrlabl><attalias Sync="TRUE">Shape</attalias><attrtype Sync="TRUE">Geometry</attrtype><attwidth Sync="TRUE">0</attwidth><atprecis Sync="TRUE">0</atprecis><attscale Sync="TRUE">0</attscale><attrdef Sync="TRUE">Feature geometry.</attrdef><attrdefs Sync="TRUE">ESRI</attrdefs><attrdomv><udom Sync="TRUE">Coordinates defining the features.</udom></attrdomv></attr><attr><attrlabl Sync="TRUE">OBJECTID</attrlabl><attalias Sync="TRUE">OBJECTID</attalias><attrtype Sync="TRUE">Number</attrtype><attwidth Sync="TRUE">10</attwidth></attr><attr><attrlabl Sync="TRUE">AREA</attrlabl><attalias Sync="TRUE">AREA</attalias><attrtype Sync="TRUE">Number</attrtype><attwidth Sync="TRUE">19</attwidth><atnumdec Sync="TRUE">5</atnumdec></attr><attr><attrlabl Sync="TRUE">PERIMETER</attrlabl><attalias Sync="TRUE">PERIMETER</attalias><attrtype Sync="TRUE">Number</attrtype><attwidth Sync="TRUE">19</attwidth><atnumdec Sync="TRUE">5</atnumdec></attr><attr><attrlabl Sync="TRUE">STATE</attrlabl><attalias Sync="TRUE">STATE</attalias><attrtype Sync="TRUE">String</attrtype><attwidth Sync="TRUE">2</attwidth></attr><attr><attrlabl Sync="TRUE">COUNTY</attrlabl><attalias Sync="TRUE">COUNTY</attalias><attrtype Sync="TRUE">String</attrtype><attwidth Sync="TRUE">3</attwidth></attr><attr><attrlabl Sync="TRUE">TRACT</attrlabl><attalias Sync="TRUE">TRACT</attalias><attrtype Sync="TRUE">String</attrtype><attwidth Sync="TRUE">6</attwidth></attr><attr><attrlabl Sync="TRUE">BLOCKGROUP</attrlabl><attalias Sync="TRUE">BLOCKGROUP</attalias><attrtype Sync="TRUE">String</attrtype><attwidth Sync="TRUE">1</attwidth></attr><attr><attrlabl Sync="TRUE">BG_ID</attrlabl><attalias Sync="TRUE">BG_ID</attalias><attrtype Sync="TRUE">String</attrtype><attwidth Sync="TRUE">20</attwidth></attr><attr><attrlabl Sync="TRUE">CT_ID</attrlabl><attalias Sync="TRUE">CT_ID</attalias><attrtype Sync="TRUE">String</attrtype><attwidth Sync="TRUE">20</attwidth></attr><attr><attrlabl Sync="TRUE">BLK_COUNT</attrlabl><attalias Sync="TRUE">BLK_COUNT</attalias><attrtype Sync="TRUE">Number</attrtype><attwidth Sync="TRUE">3</attwidth></attr><attr><attrlabl Sync="TRUE">LOGRECNO</attrlabl><attalias Sync="TRUE">LOGRECNO</attalias><attrtype Sync="TRUE">String</attrtype><attwidth Sync="TRUE">7</attwidth></attr><attr><attrlabl Sync="TRUE">TOTAL_POP</attrlabl><attalias Sync="TRUE">TOTAL_POP</attalias><attrtype Sync="TRUE">Number</attrtype><attwidth Sync="TRUE">10</attwidth></attr><attr><attrlabl Sync="TRUE">SAMP_POP</attrlabl><attalias Sync="TRUE">SAMP_POP</attalias><attrtype Sync="TRUE">Number</attrtype><attwidth Sync="TRUE">10</attwidth></attr><attr><attrlabl Sync="TRUE">DRY_PCT</attrlabl><attalias Sync="TRUE">DRY_PCT</attalias><attrtype Sync="TRUE">Number</attrtype><attwidth Sync="TRUE">13</attwidth><atnumdec Sync="TRUE">4</atnumdec></attr><attr><attrlabl Sync="TRUE">DRY_ACRES</attrlabl><attalias Sync="TRUE">DRY_ACRES</attalias><attrtype Sync="TRUE">Number</attrtype><attwidth Sync="TRUE">15</attwidth><atnumdec Sync="TRUE">2</atnumdec></attr><attr><attrlabl Sync="TRUE">DRY_SQMI</attrlabl><attalias Sync="TRUE">DRY_SQMI</attalias><attrtype Sync="TRUE">Number</attrtype><attwidth Sync="TRUE">14</attwidth><atnumdec Sync="TRUE">3</atnumdec></attr><attr><attrlabl Sync="TRUE">DRY_SQKM</attrlabl><attalias Sync="TRUE">DRY_SQKM</attalias><attrtype Sync="TRUE">Number</attrtype><attwidth Sync="TRUE">14</attwidth><atnumdec Sync="TRUE">3</atnumdec></attr><attr><attrlabl Sync="TRUE">SHAPE_AREA</attrlabl><attalias Sync="TRUE">SHAPE_AREA</attalias><attrtype Sync="TRUE">Number</attrtype><attwidth Sync="TRUE">19</attwidth><attrdefs Sync="TRUE">ESRI</attrdefs><attrdomv><udom Sync="TRUE">Positive real numbers that are automatically generated.</udom></attrdomv><atnumdec Sync="TRUE">11</atnumdec><attrdef Sync="TRUE">Area of feature in internal units squared.</attrdef></attr><attr><attrlabl Sync="TRUE">SHAPE_LEN</attrlabl><attalias Sync="TRUE">SHAPE_LEN</attalias><attrtype Sync="TRUE">Number</attrtype><attwidth Sync="TRUE">19</attwidth><atnumdec Sync="TRUE">11</atnumdec></attr></detailed></eainfo><mdDateSt Sync="TRUE">20041103</mdDateSt></metadata>
